514341,Mr.,Antonio,Q,Joy,M,antonio.joy@yahoo.com,Clark Joy,Clarisa Joy,Gagliardi,12/24/1989,08:01:44 AM,27.61,55,8/2/2011,Q3,H2,2011,8,August,Aug,2,Tuesday,Tue,5.99,53504,30%,646-23-6213,229-234-6154,Rocky Ford,Screven,Rocky Ford,GA,30455,South,aqjoy,7_[%FE;saZ:B
314598,Prof.,Sebastian,J,Moores,M,sebastian.moores@ibm.com,Everette Moores,Sol Moores,Paden,9/23/1980,01:42:17 AM,36.87,62,4/1/2012,Q2,H1,2012,4,April,Apr,1,Sunday,Sun,5.33,158859,3%,499-29-8139,212-231-9912,Antwerp,Jefferson,Antwerp,NY,13608,Northeast,sjmoores,Z0:_dR*OQhQlF
987773,Mr.,Alec,S,Rittenhouse,M,alec.rittenhouse@gmail.com,Jefferey Rittenhouse,Moira Rittenhouse,Clanton,6/1/1974,07:39:19 AM,43.19,65,3/19/1998,Q1,H1,1998,3,March,Mar,19,Thursday,Thu,19.37,76105,2%,204-84-0943,229-873-6796,Milledgeville,Milledgeville,Milledgeville,GA,31059,South,asrittenhouse,7#?GLEd0
690850,Mr.,Reggie,C,Doughty,M,reggie.doughty@gmail.com,Jerrod Doughty,Crista Doughty,Abron,11/27/1966,06:02:39 AM,50.7,61,1/4/2010,Q1,H1,2010,1,January,Jan,4,Monday,Mon,7.57,134436,8%,321-11-0416,314-677-4501,Springfield,Greene,Springfield,MO,65809,Midwest,rcdoughty,4~1!+LP^O
358257,Prof.,Elisha,B,Bottom,M,elisha.bottom@yahoo.com,Nicolas Bottom,Nu Bottom,Yuhas,9/23/1972,10:02:33 PM,44.87,82,5/22/2015,Q2,H1,2015,5,May,May,22,Friday,Fri,2.19,119237,22%,517-49-8835,206-233-8897,Dryden,Chelan,Dryden,WA,98821,West,ebbottom,H5OB-]tc|BsEJfc
303899,Mr.,Danilo,R,Irwin,M,danilo.irwin@gmail.com,Ron Irwin,Angelina Irwin,Mcwilliams,12/22/1964,09:21:46 PM,52.63,52,2/14/1994,Q1,H1,1994,2,February,Feb,14,Monday,Mon,23.47,115449,25%,605-87-8120,319-326-7935,Urbandale,Polk,Urbandale,IA,50323,Midwest,drirwin,qd7XF[m5
901163,Ms.,Madalene,D,Dierks,F,madalene.dierks@yahoo.com,Efren Dierks,Rebbeca Dierks,Grosse,10/29/1957,03:51:08 AM,59.79,43,3/21/2011,Q1,H1,2011,3,March,Mar,21,Monday,Mon,6.36,104968,6%,050-02-8165,503-778-8049,Deer Island,Columbia,Deer Island,OR,97054,West,mddierks,4f_N7?%\C!9sQ6&
640135,Drs.,Micheal,W,Campanella,F,micheal.campanella@gmail.com,Spencer Campanella,Lila Campanella,Bledsoe,11/15/1969,07:08:21 AM,47.73,44,9/13/2001,Q3,H2,2001,9,September,Sep,13,Thursday,Thu,15.88,71948,7%,204-84-1953,216-821-3070,Leavittsburg,Trumbull,Leavittsburg,OH,44430,Midwest,mwcampanella,z*oPtJAxWR_+
775378,Mrs.,Wilma,V,Trail,F,wilma.trail@yahoo.com,Emilio Trail,Jeanette Trail,Teeter,11/28/1966,12:59:17 PM,50.7,40,7/19/1998,Q3,H2,1998,7,July,Jul,19,Sunday,Sun,19.04,114397,23%,405-73-1471,505-988-5623,Organ,Doña Ana,Organ,NM,88052,West,wvtrail,eZb/+LWH!b
257614,Prof.,Jorge,K,Mohamed,M,jorge.mohamed@exxonmobil.com,Cole Mohamed,Carisa Mohamed,Braman,6/23/1970,02:05:43 PM,47.13,55,10/31/2013,Q4,H2,2013,10,October,Oct,31,Thursday,Thu,3.74,106883,2%,486-29-1020,262-939-1044,Houlton,St. Croix,Houlton,WI,54082,Midwest,jkmohamed,at1tz:1}
313674,Mr.,Isaac,G,Cumberland,M,isaac.cumberland@rediffmail.com,Andrew Cumberland,Epifania Cumberland,Phaneuf,9/15/1982,04:53:01 PM,34.89,86,5/4/2005,Q2,H1,2005,5,May,May,4,Wednesday,Wed,12.24,79923,14%,059-02-6964,209-304-3773,El Monte,Los Angeles,El Monte,CA,91734,West,igcumberland,uufj~T5oCPgG#Xs
359415,Mr.,Emerson,E,Rayner,M,emerson.rayner@gmail.com,Harland Rayner,Shayne Rayner,Smart,2/22/1972,09:35:54 AM,45.46,75,5/24/1993,Q2,H1,1993,5,May,May,24,Monday,Mon,24.19,179309,16%,376-37-5492,316-451-6275,Shawnee Mission,Johnson,Shawnee Mission,KS,66218,Midwest,eerayner,dIX1v7B:SM8+%N9
858207,Mr.,Booker,G,Olmo,M,booker.olmo@yahoo.com,Jamaal Olmo,Carie Olmo,Hartman,5/17/1980,10:12:55 PM,37.22,82,11/17/2006,Q4,H2,2006,11,November,Nov,17,Friday,Fri,10.7,55634,7%,567-99-2442,236-384-0434,Edwardsville,Northumberland,Edwardsville,VA,22456,South,bgolmo,z\.FP1#b
731568,Prof.,Margarito,B,Cushman,M,margarito.cushman@microsoft.com,Russell Cushman,Jenice Cushman,Tanksley,1/7/1990,02:11:52 PM,27.57,61,5/22/2014,Q2,H1,2014,5,May,May,22,Thursday,Thu,3.19,173211,30%,142-23-1764,503-264-1465,Rickreall,Polk,Rickreall,OR,97371,West,mbcushman,QYUnS&n{tweL6
502271,Ms.,Debbie,P,Diebold,F,debbie.diebold@bp.com,Ed Diebold,Rona Diebold,Krawczyk,2/20/1984,03:37:53 PM,33.46,60,12/31/2010,Q4,H2,2010,12,December,Dec,31,Friday,Fri,6.58,90824,30%,327-11-1682,219-549-4320,Schererville,Lake,Schererville,IN,46375,Midwest,dpdiebold,8i1LdMt+>X$~4u
517798,Mr.,Michal,I,Sturtevant,M,michal.sturtevant@btinternet.com,Lindsey Sturtevant,Evelyn Sturtevant,Bartels,2/11/1974,10:24:22 AM,43.49,89,10/6/1995,Q4,H2,1995,10,October,Oct,6,Friday,Fri,21.82,196959,18%,221-13-0103,803-374-2594,Greenville,Greenville,Greenville,SC,29606,South,misturtevant,Tvl_tTFC|3u
210529,Mrs.,Jonnie,K,Wingate,F,jonnie.wingate@aol.com,Orlando Wingate,Yen Wingate,Journey,10/2/1977,11:31:55 AM,39.85,44,3/2/2000,Q1,H1,2000,3,March,Mar,2,Thursday,Thu,17.42,51630,17%,007-11-3356,270-434-9928,Saint Catharine,Washington,Saint Catharine,KY,40061,South,jkwingate,zEy]_0SSqB
747735,Prof.,Wilbert,D,Delaune,M,wilbert.delaune@gmail.com,Elton Delaune,Karma Delaune,Clough,1/8/1978,02:53:15 PM,39.58,67,7/1/2003,Q3,H2,2003,7,July,Jul,1,Tuesday,Tue,14.08,78386,29%,424-65-4811,210-617-3925,Houston,Harris,Houston,TX,77007,South,wddelaune,X.SB}72r}}dpZ?}
234369,Ms.,Jewel,D,Boner,F,jewel.boner@sbcglobal.net,Allen Boner,Gretta Boner,Longmire,8/22/1980,08:42:09 PM,36.96,46,2/4/2017,Q1,H1,2017,2,February,Feb,4,Saturday,Sat,0.48,95805,23%,088-02-2438,304-738-2540,Wyoming,Wyoming,Wyoming,WV,24898,South,jdboner,4jZFg<o;q~;
424151,Mr.,Eddy,R,Pulver,M,eddy.pulver@yahoo.co.uk,Britt Pulver,Ivory Pulver,Comer,7/16/1986,07:29:19 PM,31.05,81,11/14/2008,Q4,H2,2008,11,November,Nov,14,Friday,Fri,8.71,100493,15%,329-11-6881,228-218-3002,Moss,Jasper,Moss,MS,39460,South,erpulver,J*Hxkbwqjk
739083,Mr.,Adam,Z,Kan,M,adam.kan@shell.com,Abdul Kan,Colleen Kan,Starnes,11/10/1977,08:27:35 PM,39.74,79,5/26/2010,Q2,H1,2010,5,May,May,26,Wednesday,Wed,7.18,145599,8%,254-99-4102,240-373-3212,Hyattsville,Prince George's,Hyattsville,MD,20782,South,azkan,xi%UEkhYAoMn]-t
419233,Mr.,Daron,Z,Mackey,M,daron.mackey@gmail.com,Dominique Mackey,Fawn Mackey,Borrego,12/14/1986,09:58:10 PM,30.64,84,9/26/2012,Q3,H2,2012,9,September,Sep,26,Wednesday,Wed,4.84,102771,23%,725-18-9150,229-741-5650,Lilburn,Gwinnett,Lilburn,GA,30048,South,dzmackey,jVa]}o/_Q
337280,Mr.,Roscoe,E,Bostwick,M,roscoe.bostwick@yahoo.ca,Ahmad Bostwick,Desirae Bostwick,Sim,9/23/1976,06:29:14 AM,40.87,87,12/3/2012,Q4,H2,2012,12,December,Dec,3,Monday,Mon,4.65,103782,23%,714-18-0138,207-418-3786,Coopers Mills,Lincoln,Coopers Mills,ME,4341,Northeast,rebostwick,Bq!R|v<7
318762,Ms.,Toby,F,Wurth,F,toby.wurth@gmail.com,Dexter Wurth,Maragaret Wurth,Creek,1/23/1972,12:18:27 AM,45.54,58,3/24/2010,Q1,H1,2010,3,March,Mar,24,Wednesday,Wed,7.35,193164,15%,222-11-3959,270-939-0977,Whick,Breathitt,Whick,KY,41390,South,tfwurth,2q^[|hbyRA
667449,Dr.,Antonia,S,Fulmer,M,antonia.fulmer@earthlink.net,Scott Fulmer,Odelia Fulmer,Sommers,4/5/1995,09:45:40 AM,22.33,89,9/12/2016,Q3,H2,2016,9,September,Sep,12,Monday,Mon,0.87,197783,14%,068-02-7848,319-263-1884,Dows,Wright,Dows,IA,50071,Midwest,asfulmer,C/t;X;k#S
241993,Mr.,Kris,Y,Stoudt,M,kris.stoudt@exxonmobil.com,Anderson Stoudt,Vita Stoudt,Hoerr,12/11/1991,09:42:31 AM,25.65,89,3/4/2016,Q1,H1,2016,3,March,Mar,4,Friday,Fri,1.4,115634,23%,506-57-3303,206-704-6368,Nespelem,Okanogan,Nespelem,WA,99155,West,kystoudt,LVRPLYcsU5/w
489877,Drs.,Zoraida,W,Pasquale,F,zoraida.pasquale@gmail.com,Monte Pasquale,Beatrice Pasquale,Tone,5/22/1982,07:06:11 AM,35.21,40,10/5/2011,Q4,H2,2011,10,October,Oct,5,Wednesday,Wed,5.82,76952,7%,428-99-1464,209-364-5908,Saint Helena,Napa,Saint Helena,CA,94574,West,zwpasquale,u^?@F^*qJ
331675,Mr.,Reinaldo,L,Drain,M,reinaldo.drain@yahoo.com,Eugene Drain,Cecille Drain,Whited,8/15/1981,01:02:29 PM,35.98,68,3/14/2007,Q1,H1,2007,3,March,Mar,14,Wednesday,Wed,10.38,118378,26%,640-29-1496,206-617-2495,Woodland,Cowlitz,Woodland,WA,98674,West,rldrain,oj{[-r4t{4
327710,Mrs.,Nola,W,Barriga,F,nola.barriga@gmail.com,Bret Barriga,Gena Barriga,Baum,10/12/1981,10:06:03 AM,35.82,57,8/2/2009,Q3,H2,2009,8,August,Aug,2,Sunday,Sun,7.99,127958,6%,763-12-6044,605-391-0046,Carter,Tripp,Carter,SD,57526,Midwest,nwbarriga,Dy~%fQX./?}
608647,Mr.,Gail,X,Hardin,M,gail.hardin@msn.com,Claud Hardin,Dorotha Hardin,Mcmanis,3/18/1988,06:03:08 PM,29.38,71,2/25/2015,Q1,H1,2015,2,February,Feb,25,Wednesday,Wed,2.42,127648,9%,070-02-0321,217-498-8305,Herald,White,Herald,IL,62845,Midwest,gxhardin,8!MjVlf-P5<]lt
680929,Mrs.,Beryl,Y,Pauline,F,beryl.pauline@gmail.com,Quinn Pauline,Elizabeth Pauline,Leonardo,8/9/1993,04:50:33 AM,23.98,44,5/6/2015,Q2,H1,2015,5,May,May,6,Wednesday,Wed,2.23,193295,14%,387-33-3884,229-475-9259,Brooks,Fayette,Brooks,GA,30205,South,bypauline,u~:6%3$XK[#\JY
552138,Hon.,Reginald,O,Horne,M,reginald.horne@gmail.com,Davis Horne,Aleen Horne,Aguero,1/31/1979,12:48:12 PM,38.52,81,3/7/2004,Q1,H1,2004,3,March,Mar,7,Sunday,Sun,13.4,152203,27%,494-29-6685,907-557-6033,Shaktoolik,Nome (CA),Shaktoolik,AK,99771,West,rohorne,b<-IhnV$Ni<^H
174349,Drs.,Darnell,X,Rapoza,F,darnell.rapoza@gmail.com,Christopher Rapoza,Dion Rapoza,Mcelrath,12/12/1962,11:06:50 PM,54.66,50,12/22/2000,Q4,H2,2000,12,December,Dec,22,Friday,Fri,16.61,197931,10%,061-02-3422,480-466-4299,Bullhead City,Mohave,Bullhead City,AZ,86429,West,dxrapoza,R/Hrw&7zycd
655752,Mrs.,Francine,Z,Lomanto,F,francine.lomanto@shell.com,Laurence Lomanto,Kristie Lomanto,Taliaferro,8/4/1971,04:00:42 PM,46.01,50,6/21/2001,Q2,H1,2001,6,June,Jun,21,Thursday,Thu,16.11,83392,14%,531-71-2785,229-741-6188,Sharpsburg,Coweta,Sharpsburg,GA,30277,South,fzlomanto,m0#amd:6LR#Jn%^
222991,Ms.,Sharan,J,Rainer,F,sharan.rainer@yahoo.com,Hugh Rainer,Altha Rainer,Younker,11/13/1972,12:43:40 AM,44.73,44,3/9/1997,Q1,H1,1997,3,March,Mar,9,Sunday,Sun,20.4,189070,15%,091-02-0645,316-975-6691,Edgerton,Johnson,Edgerton,KS,66021,Midwest,sjrainer,fX[T>uV4lL#
431378,Mrs.,Patience,N,Wiltz,F,patience.wiltz@aol.com,Merrill Wiltz,Camelia Wiltz,Dudgeon,8/21/1977,01:15:52 PM,39.96,49,1/1/2017,Q1,H1,2017,1,January,Jan,1,Sunday,Sun,0.57,135856,10%,650-62-8750,605-389-2567,Keystone,Pennington,Keystone,SD,57751,Midwest,pnwiltz,QA>][$-0-d|<E5K
798132,Mr.,Antonia,P,Wroten,M,antonia.wroten@btinternet.com,Austin Wroten,Avelina Wroten,Duke,7/2/1979,04:31:43 PM,38.1,66,11/29/2014,Q4,H2,2014,11,November,Nov,29,Saturday,Sat,2.66,54039,14%,576-99-2994,212-427-3746,New York City,New York,New York City,NY,10211,Northeast,apwroten,PB-rhEwi@v@hAR
888787,Ms.,Laurice,L,Kowalsky,F,laurice.kowalsky@yahoo.com,Murray Kowalsky,Pa Kowalsky,Bartel,1/5/1958,10:21:32 AM,59.6,42,1/1/2014,Q1,H1,2014,1,January,Jan,1,Wednesday,Wed,3.57,173854,30%,065-02-7811,240-776-7243,Hagerstown,Washington,Hagerstown,MD,21748,South,llkowalsky,Vl9NN1:Ulm;/4N
544068,Mr.,Ricardo,R,Eidson,M,ricardo.eidson@btinternet.com,Amado Eidson,Carola Eidson,Sharpe,8/4/1985,02:26:58 PM,32,56,6/24/2014,Q2,H1,2014,6,June,Jun,24,Tuesday,Tue,3.1,181317,16%,441-29-5774,209-535-1810,Madera,Madera,Madera,CA,93638,West,rreidson,lpEZd+X^1e~l
185377,Mr.,Rolland,W,Wozniak,M,rolland.wozniak@bellsouth.net,Florencio Wozniak,Gerri Wozniak,Stoker,5/2/1981,12:19:50 AM,36.26,65,12/27/2012,Q4,H2,2012,12,December,Dec,27,Thursday,Thu,4.59,48216,27%,169-86-3946,319-755-1440,Aspinwall,Crawford,Aspinwall,IA,51432,Midwest,rwwozniak,5U2bT^IOoxR2Q
495554,Mr.,Angelo,G,Batty,M,angelo.batty@rediffmail.com,Bryant Batty,Karri Batty,Tedford,12/22/1989,11:45:23 PM,27.62,57,1/20/2012,Q1,H1,2012,1,January,Jan,20,Friday,Fri,5.52,49653,7%,593-99-1055,202-499-8763,Washington,District of Columbia,Washington,DC,20523,South,agbatty,LCYS<fSR$
696045,Mr.,Ty,X,Wake,M,ty.wake@shell.com,Colton Wake,Dede Wake,Brockway,1/5/1964,12:32:00 AM,53.6,85,4/20/2004,Q2,H1,2004,4,April,Apr,20,Tuesday,Tue,13.28,68925,13%,690-22-2045,201-712-7604,Skillman,Somerset,Skillman,NJ,8558,Northeast,txwake,8C[\zGe5W1NDnv
201507,Mr.,Damian,G,Jun,M,damian.jun@hotmail.com,Maxwell Jun,Shin Jun,Fairchild,9/25/1985,08:21:45 PM,31.86,60,1/17/2007,Q1,H1,2007,1,January,Jan,17,Wednesday,Wed,10.53,90358,30%,710-18-9081,605-839-5397,Murdo,Jones,Murdo,SD,57559,Midwest,dgjun,xJZKtYrP1bAk
642097,Mrs.,Kendall,I,Ro,F,kendall.ro@gmail.com,Len Ro,Nicolasa Ro,Kozlowski,8/9/1965,08:19:22 PM,52,52,11/2/2011,Q4,H2,2011,11,November,Nov,2,Wednesday,Wed,5.74,138317,3%,067-02-0559,479-228-4045,Sulphur Rock,Independence,Sulphur Rock,AR,72579,South,kiro,PI_%&m-B
171617,Mrs.,Lula,F,Boose,F,lula.boose@hotmail.com,Edmundo Boose,Marianna Boose,Weatherspoon,2/15/1968,11:35:29 AM,49.48,55,4/19/2017,Q2,H1,2017,4,April,Apr,19,Wednesday,Wed,0.27,47673,27%,166-86-2179,225-709-3329,Eunice,St. Landry,Eunice,LA,70535,South,lfboose,InFIB4<XQy#YE
529184,Ms.,Shana,W,Gartman,F,shana.gartman@yahoo.com,Brian Gartman,Maybell Gartman,Vanhoy,4/2/1987,07:52:53 PM,30.34,48,2/2/2009,Q1,H1,2009,2,February,Feb,2,Monday,Mon,8.49,109906,24%,709-18-6662,215-258-7999,Shady Grove,Franklin,Shady Grove,PA,17256,Northeast,swgartman,wAY1EF1kxY
784771,Mr.,Jessie,C,Schock,M,jessie.schock@bp.com,Tanner Schock,Lashaunda Schock,Wasinger,3/17/1991,09:58:00 AM,26.38,52,4/3/2013,Q2,H1,2013,4,April,Apr,3,Wednesday,Wed,4.32,62299,14%,057-02-1158,215-912-5436,Landenberg,Chester,Landenberg,PA,19350,Northeast,jcschock,qI7<7$t91x
644258,Mr.,Earle,F,Lilley,M,earle.lilley@gmail.com,Deon Lilley,Suzy Lilley,Garofalo,9/13/1974,02:13:46 PM,42.9,70,8/31/2004,Q3,H2,2004,8,August,Aug,31,Tuesday,Tue,12.92,137847,13%,286-15-3905,215-796-5800,Edmon,Armstrong,Edmon,PA,15630,Northeast,eflilley,A]O8^@eiE3fYYp
464830,Mr.,Michale,T,Eads,M,michale.eads@hotmail.com,Dexter Eads,Lavinia Eads,Russel,5/24/1961,06:08:30 PM,56.22,59,4/3/1988,Q2,H1,1988,4,April,Apr,3,Sunday,Sun,29.34,183030,28%,379-37-4223,262-387-4692,Prairie Du Sac,Sauk,Prairie Du Sac,WI,53578,Midwest,mteads,buO4mT|y
750456,Mr.,Andre,F,Rye,M,andre.rye@hotmail.co.uk,Rico Rye,Adria Rye,Harr,1/8/1987,09:54:09 AM,30.57,82,5/13/2008,Q2,H1,2008,5,May,May,13,Tuesday,Tue,9.21,142001,29%,021-94-2372,229-990-8310,Newnan,Coweta,Newnan,GA,30271,South,afrye,f;u$jY_C$
595998,Hon.,Trisha,O,Cuadra,F,trisha.cuadra@sbcglobal.net,Emil Cuadra,Leonida Cuadra,Wilt,6/3/1986,04:26:38 AM,31.17,47,10/3/2016,Q4,H2,2016,10,October,Oct,3,Monday,Mon,0.82,131523,13%,542-81-8375,212-352-1103,Eastport,Suffolk,Eastport,NY,11941,Northeast,tocuadra,uJ$r~FFvGBNCyK
896558,Hon.,Octavio,J,Nalls,M,octavio.nalls@sbcglobal.net,Glenn Nalls,Beatrice Nalls,Tibbs,4/7/1985,06:10:45 AM,32.33,76,2/13/2015,Q1,H1,2015,2,February,Feb,13,Friday,Fri,2.45,113651,15%,488-29-1335,215-689-5926,Cresson,Cambria,Cresson,PA,16699,Northeast,ojnalls,ZwvCn+W&e[odq;t
872209,Mrs.,Ozella,U,Westbrook,F,ozella.westbrook@apple.com,Dylan Westbrook,Adelina Westbrook,Trammell,6/25/1993,01:10:12 AM,24.11,41,8/15/2015,Q3,H2,2015,8,August,Aug,15,Saturday,Sat,1.95,65186,7%,305-37-3324,215-449-6703,Bernville,Berks,Bernville,PA,19506,Northeast,ouwestbrook,9M3B8$*n
702146,Mr.,Scot,M,Sciortino,M,scot.sciortino@outlook.com,Kip Sciortino,Shawnta Sciortino,Vandenberg,9/7/1981,06:09:58 PM,35.91,57,5/18/2010,Q2,H1,2010,5,May,May,18,Tuesday,Tue,7.2,146821,26%,100-02-4413,218-691-3575,Dalbo,Isanti,Dalbo,MN,55017,Midwest,smsciortino,tJSrV+Q;m>}}~
997221,Drs.,Monika,P,Battaglia,F,monika.battaglia@gmail.com,Virgil Battaglia,Vina Battaglia,Guay,10/5/1980,06:30:55 PM,36.84,43,3/6/2017,Q1,H1,2017,3,March,Mar,6,Monday,Mon,0.39,83196,12%,324-11-7887,303-998-0562,Aurora,Adams,Aurora,CO,80019,West,mpbattaglia,N\1I*2X\es
924008,Mr.,Rene,C,Oswald,M,rene.oswald@aol.com,Devin Oswald,Sunshine Oswald,Tribble,10/24/1964,07:20:01 PM,52.79,87,6/24/2015,Q2,H1,2015,6,June,Jun,24,Wednesday,Wed,2.1,80232,22%,770-02-7227,239-901-5714,Pompano Beach,Broward,Pompano Beach,FL,33073,South,rcoswald,r-Kn$U#-&a|G{7
874278,Prof.,Bart,P,Darrow,M,bart.darrow@rediffmail.com,Preston Darrow,Amparo Darrow,Vanek,11/19/1966,06:28:03 PM,50.72,89,12/13/2005,Q4,H2,2005,12,December,Dec,13,Tuesday,Tue,11.63,100637,9%,035-74-8902,236-345-3776,Richmond,Richmond (city),Richmond,VA,23293,South,bpdarrow,t&<34;NuV
664907,Mrs.,Nilsa,U,Lippert,F,nilsa.lippert@aol.com,Caleb Lippert,Brigette Lippert,Kendall,3/21/1990,02:01:52 PM,27.37,41,10/31/2014,Q4,H2,2014,10,October,Oct,31,Friday,Fri,2.74,114884,18%,224-99-7556,217-870-1333,Crete,Will,Crete,IL,60417,Midwest,nulippert,Mc3+1gVv*U
535370,Ms.,Jacelyn,C,Branum,F,jacelyn.branum@gmail.com,Ivory Branum,Yesenia Branum,Palomares,2/2/1989,08:32:07 AM,28.5,57,6/20/2015,Q2,H1,2015,6,June,Jun,20,Saturday,Sat,2.11,155766,12%,476-55-2629,215-314-4476,Emporium,Cameron,Emporium,PA,15834,Northeast,jcbranum,Qw+qzv?A|BQ<|
696931,Ms.,Jayna,R,Parkison,F,jayna.parkison@gmail.com,Brady Parkison,Kandis Parkison,Mcguinness,3/1/1969,12:55:09 AM,48.44,47,12/20/1991,Q4,H2,1991,12,December,Dec,20,Friday,Fri,25.62,132250,5%,114-98-7993,231-553-8952,Farmington,Oakland,Farmington,MI,48334,Midwest,jrparkison,p@VcS8.>
393399,Mr.,Emerson,V,Blackburn,M,emerson.blackburn@yahoo.co.uk,Jacinto Blackburn,Latoya Blackburn,Grindle,3/19/1994,11:40:09 AM,23.38,81,11/19/2016,Q4,H2,2016,11,November,Nov,19,Saturday,Sat,0.69,135407,23%,663-22-8657,319-554-2824,Harpers Ferry,Allamakee,Harpers Ferry,IA,52146,Midwest,evblackburn,JVRvZLsp>}k\
482761,Ms.,Noel,J,Dimartino,F,noel.dimartino@outlook.com,Mathew Dimartino,Betty Dimartino,Thorne,9/27/1973,11:53:20 PM,43.86,44,6/13/2010,Q2,H1,2010,6,June,Jun,13,Sunday,Sun,7.13,118113,29%,502-37-1103,228-958-1624,Leakesville,Greene,Leakesville,MS,39451,South,njdimartino,3R>~BmL5F
845047,Mr.,Clinton,O,Larmon,M,clinton.larmon@gmail.com,Isidro Larmon,Noriko Larmon,Carswell,4/15/1973,01:58:24 PM,44.32,83,12/8/2007,Q4,H2,2007,12,December,Dec,8,Saturday,Sat,9.64,183462,16%,427-99-6314,907-791-6011,Unalakleet,Nome (CA),Unalakleet,AK,99684,West,colarmon,8>>lOhd7
700408,Ms.,Shavonda,R,Gutowski,F,shavonda.gutowski@gmail.com,Derick Gutowski,Sherri Gutowski,Burge,1/19/1967,02:26:44 AM,50.56,48,8/8/1990,Q3,H2,1990,8,August,Aug,8,Wednesday,Wed,26.99,137016,20%,323-11-7075,316-992-1930,Kincaid,Anderson,Kincaid,KS,66039,Midwest,srgutowski,4sPGb%STkg
474332,Mrs.,Adah,R,Dionne,F,adah.dionne@hotmail.co.uk,Kermit Dionne,Joette Dionne,Makris,12/7/1988,11:12:08 PM,28.66,53,5/3/2016,Q2,H1,2016,5,May,May,3,Tuesday,Tue,1.24,57552,2%,538-71-3570,304-577-3262,Corinne,Wyoming,Corinne,WV,25826,South,ardionne,E|Qes1J\5-;\|xg
188096,Prof.,Jamaal,J,Toney,M,jamaal.toney@shaw.ca,Casey Toney,Sharilyn Toney,Carollo,12/7/1971,11:38:24 PM,45.67,71,10/4/2000,Q4,H2,2000,10,October,Oct,4,Wednesday,Wed,16.82,102339,29%,348-08-3886,212-615-6985,New York City,New York,New York City,NY,10269,Northeast,jjtoney,U$ZQ2pDCk:k+
329085,Dr.,Matt,A,Furr,M,matt.furr@gmail.com,Mathew Furr,Ruthie Furr,Nickerson,9/1/1978,01:51:03 AM,38.93,88,3/16/2010,Q1,H1,2010,3,March,Mar,16,Tuesday,Tue,7.37,58791,26%,266-99-8442,217-242-0831,Altamont,Effingham,Altamont,IL,62411,Midwest,mafurr,gEHpT|pkd5W:X
448164,Mr.,Darren,E,Pray,M,darren.pray@rediffmail.com,Stephen Pray,Kristy Pray,Osuna,7/14/1976,11:22:38 PM,41.07,73,8/21/1999,Q3,H2,1999,8,August,Aug,21,Saturday,Sat,17.95,107003,29%,545-99-9947,240-588-3436,Glenwood,Howard,Glenwood,MD,21738,South,depray,lJ79da8QSP
631454,Mr.,Porfirio,T,Hungerford,M,porfirio.hungerford@aol.com,Gaston Hungerford,Angeline Hungerford,Dunlap,9/7/1957,12:31:35 AM,59.93,50,10/22/2016,Q4,H2,2016,10,October,Oct,22,Saturday,Sat,0.76,119663,21%,528-99-2905,308-441-7003,Lincoln,Lancaster,Lincoln,NE,68527,Midwest,pthungerford,t;miL&.BsD7^vn8
848892,Ms.,Jessika,R,Smoot,F,jessika.smoot@walmart.com,Sean Smoot,Kasie Smoot,Meagher,8/13/1966,03:16:47 AM,50.99,45,5/6/1998,Q2,H1,1998,5,May,May,6,Wednesday,Wed,19.24,199798,30%,018-94-9269,201-324-2458,Neshanic Station,Somerset,Neshanic Station,NJ,8853,Northeast,jrsmoot,E8177\LXmI_}2
505767,Ms.,Deetta,B,Tucci,F,deetta.tucci@exxonmobil.com,Denver Tucci,Lakeesha Tucci,Hanger,8/1/1958,08:44:54 PM,59.03,45,8/10/2010,Q3,H2,2010,8,August,Aug,10,Tuesday,Tue,6.97,75047,18%,692-18-9290,218-607-7098,Albert Lea,Freeborn,Albert Lea,MN,56007,Midwest,dbtucci,e2Y<h>Zz
774239,Mr.,Andreas,K,Granger,M,andreas.granger@gmail.com,Zachariah Granger,Linh Granger,Dement,7/24/1967,06:47:43 PM,50.05,80,9/13/2015,Q3,H2,2015,9,September,Sep,13,Sunday,Sun,1.87,132337,15%,411-99-9113,605-537-4759,Groton,Brown,Groton,SD,57445,Midwest,akgranger,rfW4juyjky
862648,Mr.,Andrea,E,Tomberlin,M,andrea.tomberlin@gmail.com,Micheal Tomberlin,Kacie Tomberlin,Osbourn,10/19/1980,12:36:32 PM,36.8,72,12/11/2008,Q4,H2,2008,12,December,Dec,11,Thursday,Thu,8.63,181356,3%,242-99-9203,319-398-8463,West Chester,Washington,West Chester,IA,52359,Midwest,aetomberlin,Nx]XrQ*Kj
304831,Hon.,Anthony,E,Corliss,F,anthony.corliss@verizon.net,Vincent Corliss,Paige Corliss,Isaacson,3/17/1979,02:50:00 PM,38.39,58,9/9/2011,Q3,H2,2011,9,September,Sep,9,Friday,Fri,5.89,121632,28%,577-53-0150,201-993-5580,Beach Haven,Ocean,Beach Haven,NJ,8008,Northeast,aecorliss,5CY~S{1dR<aTC
133827,Prof.,Ollie,J,Foote,M,ollie.foote@ntlworld.com,Hollis Foote,Kelly Foote,Tewksbury,10/19/1988,02:45:55 AM,28.79,90,2/4/2017,Q1,H1,2017,2,February,Feb,4,Saturday,Sat,0.48,188801,14%,046-15-4919,319-250-5479,Fertile,Worth,Fertile,IA,50434,Midwest,ojfoote,Ts>>S:N$YG%z].
124650,Hon.,Neal,N,Rusk,M,neal.rusk@aol.com,Sid Rusk,Shondra Rusk,Necaise,5/31/1959,05:32:38 AM,58.2,50,6/4/2002,Q2,H1,2002,6,June,Jun,4,Tuesday,Tue,15.16,193302,3%,757-12-9111,314-659-9689,Liberty,Clay,Liberty,MO,64087,Midwest,nnrusk,2w8z7npT
329862,Mr.,Ryan,L,Spring,M,ryan.spring@hotmail.com,Adrian Spring,Elenor Spring,Hodge,12/16/1958,10:39:13 PM,58.65,56,2/9/1995,Q1,H1,1995,2,February,Feb,9,Thursday,Thu,22.48,111783,19%,310-37-3293,701-425-4555,Mcleod,Ransom,Mcleod,ND,58057,Midwest,rlspring,x@hXqXI_0
681184,Ms.,Vergie,F,Petrie,F,vergie.petrie@btinternet.com,Dylan Petrie,Otilia Petrie,Stelzer,4/3/1973,05:37:55 PM,44.35,42,8/27/2006,Q3,H2,2006,8,August,Aug,27,Sunday,Sun,10.93,190392,16%,157-23-3953,206-954-6390,Gold Bar,Snohomish,Gold Bar,WA,98251,West,vfpetrie,5geFJticw
226341,Ms.,Eleanora,E,Winebarger,F,eleanora.winebarger@gmail.com,Kasey Winebarger,Tangela Winebarger,Kessel,3/4/1975,07:02:13 AM,42.43,55,3/5/2011,Q1,H1,2011,3,March,Mar,5,Saturday,Sat,6.4,122407,13%,316-35-2168,219-661-9135,Flora,Carroll,Flora,IN,46929,Midwest,eewinebarger,KPxUap1I/fc
849060,Ms.,Lisandra,P,Quintana,F,lisandra.quintana@gmail.com,Blaine Quintana,Sophie Quintana,Boivin,3/25/1962,05:31:56 PM,55.38,54,7/25/2010,Q3,H2,2010,7,July,Jul,25,Sunday,Sun,7.01,172836,5%,540-83-1507,219-500-4515,Indianapolis,Marion,Indianapolis,IN,46236,Midwest,lpquintana,ciu]}|70_
706328,Ms.,Santa,V,Laseter,F,santa.laseter@yahoo.com,Antony Laseter,Lara Laseter,Griffen,6/11/1983,12:09:13 AM,34.15,60,5/24/2008,Q2,H1,2008,5,May,May,24,Saturday,Sat,9.18,72124,28%,115-98-9278,339-624-4693,Manchaug,Worcester,Manchaug,MA,1526,Northeast,svlaseter,CA^vXG>wy
124922,Mr.,Norman,G,Heckler,M,norman.heckler@aol.com,Donny Heckler,Shawnta Heckler,Sais,11/18/1990,12:32:28 AM,26.71,89,3/3/2013,Q1,H1,2013,3,March,Mar,3,Sunday,Sun,4.41,172530,8%,720-18-7637,907-768-7428,Dillingham,Dillingham (CA),Dillingham,AK,99576,West,ngheckler,H2.rcj>!k
397947,Prof.,Jeffry,J,Pyne,M,jeffry.pyne@bellsouth.net,Benny Pyne,Laine Pyne,Moralez,12/5/1984,02:14:12 PM,32.67,60,12/1/2010,Q4,H2,2010,12,December,Dec,1,Wednesday,Wed,6.66,146499,11%,341-11-3659,314-555-3733,Carthage,Jasper,Carthage,MO,64836,Midwest,jjpyne,A5x}]}0v
603557,Dr.,Efrain,D,Vanslyke,M,efrain.vanslyke@charter.net,Austin Vanslyke,Genevieve Vanslyke,Tierney,7/6/1996,06:10:28 PM,21.07,69,7/14/2017,Q3,H2,2017,7,July,Jul,14,Friday,Fri,0.04,69036,28%,025-92-9899,229-431-8025,Norristown,Emanuel,Norristown,GA,30447,South,edvanslyke,QAjB?paB{Mh$
857115,Hon.,Lissette,T,Tims,F,lissette.tims@earthlink.net,Branden Tims,Larisa Tims,Laurie,11/25/1965,04:00:41 PM,51.71,49,9/28/2000,Q3,H2,2000,9,September,Sep,28,Thursday,Thu,16.84,198095,6%,055-02-9547,212-822-0791,Van Buren Point,Chautauqua,Van Buren Point,NY,14166,Northeast,lttims,0_L3|U<\:#lV8T~
763054,Mr.,Quincy,X,Lebouef,M,quincy.lebouef@ibm.com,Chas Lebouef,Teri Lebouef,Bookout,5/13/1977,05:50:35 AM,40.24,74,3/31/2007,Q1,H1,2007,3,March,Mar,31,Saturday,Sat,10.33,70909,7%,530-99-2693,319-215-3733,Mondamin,Harrison,Mondamin,IA,51557,Midwest,qxlebouef,j.S+NdK;h
767622,Hon.,Gwenda,N,Riehl,F,gwenda.riehl@gmail.com,Gil Riehl,Catarina Riehl,Crittenden,5/11/1993,12:28:59 AM,24.23,52,1/15/2016,Q1,H1,2016,1,January,Jan,15,Friday,Fri,1.53,142493,14%,367-39-2796,701-370-7434,Fullerton,Dickey,Fullerton,ND,58441,Midwest,gnriehl,e>ZWU{6~n
864541,Mr.,Randy,Q,Sokol,M,randy.sokol@gmail.com,Lamar Sokol,Sol Sokol,Randall,9/1/1995,04:19:58 PM,21.92,54,11/13/2016,Q4,H2,2016,11,November,Nov,13,Sunday,Sun,0.7,87653,30%,606-87-4919,308-547-1510,Gering,Scotts Bluff,Gering,NE,69341,Midwest,rqsokol,DQQGtXUV{8p><
630804,Mr.,Salvatore,S,Fegley,M,salvatore.fegley@yahoo.co.in,Cameron Fegley,Kiyoko Fegley,Heinrich,8/10/1969,05:07:54 AM,48,58,7/30/2003,Q3,H2,2003,7,July,Jul,30,Wednesday,Wed,14.01,162437,10%,024-92-9770,262-270-7262,Orfordville,Rock,Orfordville,WI,53576,Midwest,ssfegley,2jaa4!&Bt7/8
883178,Drs.,Sherice,B,Michalec,F,sherice.michalec@gmail.com,Hunter Michalec,Ricarda Michalec,Deberry,7/14/1995,04:58:34 PM,22.05,51,6/19/2017,Q2,H1,2017,6,June,Jun,19,Monday,Mon,0.11,157297,8%,194-86-0139,252-806-2844,Newton Grove,Sampson,Newton Grove,NC,28366,South,sbmichalec,FqdS|u{%xOkf
528129,Mrs.,Constance,G,Holoman,F,constance.holoman@hotmail.com,Harland Holoman,Avery Holoman,Kingsley,3/19/1981,04:24:02 PM,36.38,60,2/10/2017,Q1,H1,2017,2,February,Feb,10,Friday,Fri,0.46,145088,12%,521-99-8763,339-671-0905,Jefferson,Worcester,Jefferson,MA,1522,Northeast,cgholoman,XW7i!4hd1e+
553724,Ms.,Vickie,F,Breault,F,vickie.breault@yahoo.com,Warner Breault,Lavonia Breault,Kinnison,5/30/1981,06:11:52 PM,36.19,55,6/5/2016,Q2,H1,2016,6,June,Jun,5,Sunday,Sun,1.15,134597,7%,382-37-9226,231-670-8756,Old Mission,Grand Traverse,Old Mission,MI,49673,Midwest,vfbreault,w+sEmU%;V/_K]
428923,Ms.,Ethyl,A,Bridgeman,F,ethyl.bridgeman@ibm.com,Dalton Bridgeman,Ghislaine Bridgeman,Nowicki,2/11/1995,04:03:06 PM,22.47,43,5/8/2017,Q2,H1,2017,5,May,May,8,Monday,Mon,0.22,57426,14%,188-86-3897,215-847-1023,Starrucca,Wayne,Starrucca,PA,18462,Northeast,eabridgeman,G-9_ig?l
669591,Ms.,Danuta,I,Kubiak,F,danuta.kubiak@outlook.com,Raymond Kubiak,Madge Kubiak,Bui,5/26/1972,09:50:24 PM,45.2,49,3/20/2009,Q1,H1,2009,3,March,Mar,20,Friday,Fri,8.36,84867,14%,384-37-5527,215-372-4799,Kersey,Elk,Kersey,PA,15846,Northeast,dikubiak,se%VO/pofd
293237,Dr.,Pete,X,Earl,M,pete.earl@yahoo.com,Tyrell Earl,Dayna Earl,Middlebrooks,3/15/1993,12:34:09 PM,24.39,52,12/22/2016,Q4,H2,2016,12,December,Dec,22,Thursday,Thu,0.6,124760,5%,047-15-1529,385-748-7308,Huntington,Emery,Huntington,UT,84528,West,pxearl,z0;j}w^k&*e&
552020,Hon.,Boyce,V,Gregor,M,boyce.gregor@sbcglobal.net,Wilson Gregor,Charity Gregor,Real,4/28/1966,06:45:31 AM,51.28,78,5/22/1989,Q2,H1,1989,5,May,May,22,Monday,Mon,28.2,148431,27%,141-23-2514,479-544-6055,Romance,White,Romance,AR,72136,South,bvgregor,JjQfn2O~$\G4q
997622,Ms.,Ebonie,N,Sloane,F,ebonie.sloane@shell.com,Jarrod Sloane,Brunilda Sloane,Damiani,10/4/1960,11:03:29 AM,56.85,50,11/21/1993,Q4,H2,1993,11,November,Nov,21,Sunday,Sun,23.7,197370,23%,197-84-9158,212-853-1486,Carmel,Putnam,Carmel,NY,10512,Northeast,ensloane,Bwi/8vr9MqdIh
161629,Prof.,Reuben,X,Mathers,M,reuben.mathers@gmail.com,Herb Mathers,Melony Mathers,Geno,6/29/1991,08:11:37 AM,26.1,64,7/22/2016,Q3,H2,2016,7,July,Jul,22,Friday,Fri,1.02,120700,30%,323-11-3941,229-872-2139,Oakwood,Hall,Oakwood,GA,30566,South,rxmathers,YLjqW:FFQ.X
222723,Mrs.,Adrienne,M,Hice,F,adrienne.hice@gmail.com,Brenton Hice,Perla Hice,Bonnell,7/31/1962,10:02:35 PM,55.03,50,2/8/2008,Q1,H1,2008,2,February,Feb,8,Friday,Fri,9.47,130271,26%,347-08-6836,270-715-2309,Jonancy,Pike,Jonancy,KY,41538,South,amhice,QZf<}G~kiw+
435654,Mr.,Carmelo,S,Martine,M,carmelo.martine@yahoo.com,Teodoro Martine,Lezlie Martine,Llanos,5/3/1973,04:13:26 AM,44.27,74,9/6/2003,Q3,H2,2003,9,September,Sep,6,Saturday,Sat,13.9,152876,26%,385-37-6505,308-342-2195,Cedar Creek,Cass,Cedar Creek,NE,68016,Midwest,csmartine,7IXwPrHM
774888,Mrs.,Yuko,N,Timm,F,yuko.timm@hotmail.com,Houston Timm,Amal Timm,Sickels,12/25/1994,01:15:32 PM,22.61,53,11/16/2016,Q4,H2,2016,11,November,Nov,16,Wednesday,Wed,0.7,161106,12%,757-12-1067,217-816-0564,Virden,Macoupin,Virden,IL,62690,Midwest,yntimm,Pl-lbgI[JP
989770,Dr.,Raul,G,Burney,M,raul.burney@gmail.com,Francisco Burney,Margit Burney,Hanger,7/22/1961,10:13:13 PM,56.05,68,9/17/2012,Q3,H2,2012,9,September,Sep,17,Monday,Mon,4.86,178281,22%,082-02-4995,240-390-9901,Mcdaniel,Talbot,Mcdaniel,MD,21647,South,rgburney,AjEM4@R4Bk%K3
147370,Ms.,Candance,Q,Melby,F,candance.melby@shaw.ca,Bennett Melby,Gwenda Melby,Lowe,7/2/1964,06:14:30 PM,53.11,49,9/15/1997,Q3,H2,1997,9,September,Sep,15,Monday,Mon,19.88,151161,21%,430-99-1216,215-412-4069,Aldenville,Wayne,Aldenville,PA,18401,Northeast,cqmelby,Gi:OUhgL[#X:
767832,Ms.,Dia,S,Wieland,F,dia.wieland@aol.com,Loyd Wieland,Mikki Wieland,Rauscher,4/9/1977,04:52:58 PM,40.33,45,4/14/2005,Q2,H1,2005,4,April,Apr,14,Thursday,Thu,12.3,189309,6%,548-99-9955,209-257-8464,Merced,Merced,Merced,CA,95343,West,dswieland,Kc6u<t5&.
571105,Mr.,Jamal,D,Nealey,M,jamal.nealey@yahoo.com,Harlan Nealey,Mamie Nealey,Galvin,2/10/1988,04:14:33 AM,29.48,56,2/7/2013,Q1,H1,2013,2,February,Feb,7,Thursday,Thu,4.47,114503,27%,480-41-8416,231-287-2673,North Branch,Lapeer,North Branch,MI,48461,Midwest,jdnealey,ID&f7!Yb;D2IEh?
333974,Mrs.,Tracy,O,Suazo,F,tracy.suazo@btinternet.com,Linwood Suazo,Tammara Suazo,Stork,10/29/1986,07:35:56 PM,30.77,44,11/13/2010,Q4,H2,2010,11,November,Nov,13,Saturday,Sat,6.71,170003,26%,535-71-7835,231-633-5625,Flushing,Genesee,Flushing,MI,48433,Midwest,tosuazo,wC0pLlB<I[SHK:
805080,Ms.,Dorine,H,Clay,F,dorine.clay@verizon.net,Jeffrey Clay,Georgia Clay,Hawk,9/3/1962,08:04:37 PM,54.94,41,11/7/1986,Q4,H2,1986,11,November,Nov,7,Friday,Fri,30.74,180252,21%,709-18-6977,210-303-3255,El Paso,El Paso,El Paso,TX,79975,South,dhclay,NAMFZiE{^+d#O
279294,Mr.,Roman,I,Wilkes,M,roman.wilkes@hotmail.com,Albert Wilkes,Verlie Wilkes,Sakai,4/21/1963,05:05:10 AM,54.31,83,1/19/2004,Q1,H1,2004,1,January,Jan,19,Monday,Mon,13.53,129262,3%,509-33-3650,252-812-8653,Nebo,McDowell,Nebo,NC,28761,South,riwilkes,I}LjXIs|
471832,Mr.,Fidel,X,Oreilly,M,fidel.oreilly@aol.com,Donny Oreilly,Ollie Oreilly,Spires,8/13/1962,07:38:28 PM,54.99,52,9/29/2011,Q3,H2,2011,9,September,Sep,29,Thursday,Thu,5.83,92962,15%,623-85-8283,219-244-4727,Seymour,Jackson,Seymour,IN,47274,Midwest,fxoreilly,a|vH%oUhpV!>
215345,Mrs.,Nada,A,Rodrigues,F,nada.rodrigues@yahoo.co.in,Russel Rodrigues,Kandis Rodrigues,Waddle,10/10/1957,08:33:42 AM,59.84,48,2/16/1982,Q1,H1,1982,2,February,Feb,16,Tuesday,Tue,35.47,79665,2%,372-37-6137,212-935-9351,Canisteo,Steuben,Canisteo,NY,14823,Northeast,narodrigues,mVpfcM5Cz1
854761,Hon.,Vanna,C,Maynard,F,vanna.maynard@shaw.ca,Clay Maynard,Carolyne Maynard,Look,10/1/1984,06:16:09 AM,32.84,40,6/30/2008,Q2,H1,2008,6,June,Jun,30,Monday,Mon,9.08,156147,3%,717-18-7210,270-477-3030,Louisville,Jefferson,Louisville,KY,40258,South,vcmaynard,e0D0e|0+fy[
382204,Mr.,Bryce,P,Marriott,M,bryce.marriott@exxonmobil.com,Brett Marriott,Becky Marriott,Sciortino,6/4/1985,11:40:50 PM,32.17,74,4/14/2011,Q2,H1,2011,4,April,Apr,14,Thursday,Thu,6.29,166927,29%,595-99-5407,479-351-9050,Bass,Bass,Bass,AR,72612,South,bpmarriott,B]nf#LMT2pn#rs
518354,Mr.,Irvin,G,Shepardson,M,irvin.shepardson@gmail.com,Dillon Shepardson,Marilou Shepardson,Luu,9/9/1975,07:15:54 AM,41.91,69,12/13/2011,Q4,H2,2011,12,December,Dec,13,Tuesday,Tue,5.63,123914,3%,355-08-1023,308-489-6139,Mc Cook,Red Willow,Mc Cook,NE,69001,Midwest,igshepardson,nCpzINm!
121133,Mrs.,Hattie,Q,Grado,F,hattie.grado@hotmail.com,Gonzalo Grado,Dorene Grado,Westfield,5/15/1960,12:23:23 AM,57.24,59,9/21/1983,Q3,H2,1983,9,September,Sep,21,Wednesday,Wed,33.87,74973,10%,632-31-3109,252-954-3617,Toast,Surry,Toast,NC,27049,South,hqgrado,B#Q@^V-yQ&M
334662,Ms.,Tawana,K,Klos,F,tawana.klos@gmail.com,Prince Klos,Laverna Klos,Texeira,11/29/1985,10:02:58 AM,31.68,40,11/18/2014,Q4,H2,2014,11,November,Nov,18,Tuesday,Tue,2.69,105732,11%,613-87-0788,215-249-9058,Johnstown,Cambria,Johnstown,PA,15901,Northeast,tkklos,WglYj?jV<u
128482,Ms.,Sherril,P,Torrez,F,sherril.torrez@yahoo.ca,Wallace Torrez,Karima Torrez,Lynam,1/18/1991,10:20:57 PM,26.54,44,6/20/2014,Q2,H1,2014,6,June,Jun,20,Friday,Fri,3.11,71647,13%,074-02-5076,217-545-8444,Lowder,Sangamon,Lowder,IL,62662,Midwest,sptorrez,W3Jt:T:~sR*
721578,Mr.,Shon,W,Orlowski,M,shon.orlowski@gmail.com,Aubrey Orlowski,Ila Orlowski,Davy,10/25/1982,06:11:24 AM,34.78,82,4/8/2005,Q2,H1,2005,4,April,Apr,8,Friday,Fri,12.31,69322,5%,638-29-5274,262-748-8823,Bruce,Rusk,Bruce,WI,54819,Midwest,sworlowski,Q~Tc9*lVA#xMb9
518624,Prof.,Miquel,D,Shingleton,M,miquel.shingleton@verizon.net,Mose Shingleton,Emelda Shingleton,Portwood,9/29/1983,06:04:46 AM,33.85,52,3/30/2012,Q1,H1,2012,3,March,Mar,30,Friday,Fri,5.33,180037,25%,128-98-6490,239-274-3462,Saint Augustine,St. Johns,Saint Augustine,FL,32095,South,mdshingleton,Hmz]uDnvVA
787372,Mrs.,Vanda,H,Nava,F,vanda.nava@aol.com,Zane Nava,Tammera Nava,Greening,4/15/1985,08:51:02 PM,32.31,41,10/17/2013,Q4,H2,2013,10,October,Oct,17,Thursday,Thu,3.78,166674,6%,460-99-7362,231-258-9503,Watervliet,Berrien,Watervliet,MI,49098,Midwest,vhnava,CR;jG3kOa^oux
279250,Dr.,Brendon,Z,Meadows,M,brendon.meadows@gmail.com,Carrol Meadows,Misti Meadows,Roe,5/31/1996,10:36:15 PM,21.17,69,7/19/2017,Q3,H2,2017,7,July,Jul,19,Wednesday,Wed,0.02,80426,13%,178-86-9534,319-791-8125,Andover,Clinton,Andover,IA,52701,Midwest,bzmeadows,N}*c[Bf1fg-h/
409248,Hon.,Louie,R,Mabry,M,louie.mabry@gmail.com,Seymour Mabry,Artie Mabry,Rasberry,3/12/1974,10:25:04 PM,43.41,78,11/20/1999,Q4,H2,1999,11,November,Nov,20,Saturday,Sat,17.7,148181,0%,426-99-2954,217-674-7195,Walnut,Bureau,Walnut,IL,61376,Midwest,lrmabry,8MFI<uJr<t5d*n
369026,Ms.,Elizabeth,D,Bequette,F,elizabeth.bequette@gmail.com,Lauren Bequette,Herlinda Bequette,Sanjuan,8/29/1978,01:09:47 AM,38.94,45,6/4/2016,Q2,H1,2016,6,June,Jun,4,Saturday,Sat,1.15,147875,4%,040-15-3552,206-601-6425,Oroville,Okanogan,Oroville,WA,98844,West,edbequette,VL[<|IWm[yQ;U
273709,Drs.,Maryellen,F,Boston,F,maryellen.boston@yahoo.com,Francisco Boston,Nenita Boston,Schweiger,7/3/1968,03:38:03 PM,49.1,51,2/19/2006,Q1,H1,2006,2,February,Feb,19,Sunday,Sun,11.44,169917,1%,193-86-2370,304-969-5029,Flemington,Taylor,Flemington,WV,26347,South,mfboston,P2M-dUa3
485387,Prof.,Reggie,S,Eckart,M,reggie.eckart@comcast.net,Geoffrey Eckart,Marcella Eckart,Ayala,2/16/1989,11:43:05 AM,28.46,71,2/3/2011,Q1,H1,2011,2,February,Feb,3,Thursday,Thu,6.48,70421,19%,313-35-7695,236-609-1881,Norfolk,Norfolk (city),Norfolk,VA,23551,South,rseckart,55H7<a0Pzy_GE
462060,Ms.,Brittany,N,Mcilwain,F,brittany.mcilwain@gmail.com,Sanford Mcilwain,Susanna Mcilwain,Arbour,3/23/1994,02:26:15 PM,23.36,41,7/3/2015,Q3,H2,2015,7,July,Jul,3,Friday,Fri,2.07,59015,9%,443-27-4264,210-343-8167,Houston,Harris,Houston,TX,77271,South,bnmcilwain,37-sxBaj
196916,Mr.,Shayne,S,Chiasson,M,shayne.chiasson@yahoo.com,Anton Chiasson,Conception Chiasson,Pica,12/8/1993,10:01:04 AM,23.65,59,3/15/2017,Q1,H1,2017,3,March,Mar,15,Wednesday,Wed,0.37,172911,24%,089-02-6094,240-570-2546,Saint Inigoes,St. Mary's,Saint Inigoes,MD,20684,South,sschiasson,NKcxRD.%3M
164386,Ms.,Tarah,H,Hearns,F,tarah.hearns@gmail.com,Walter Hearns,Malinda Hearns,Chittum,2/20/1985,11:04:24 PM,32.45,58,7/25/2008,Q3,H2,2008,7,July,Jul,25,Friday,Fri,9.01,62192,22%,381-37-2025,205-772-8800,Muscle Shoals,Colbert,Muscle Shoals,AL,35662,South,thhearns,vok&yRb6aC<
245862,Mr.,Loyd,G,Riter,M,loyd.riter@yahoo.com,Roderick Riter,Vi Riter,Gavin,8/23/1986,04:04:31 AM,30.95,77,11/29/2011,Q4,H2,2011,11,November,Nov,29,Tuesday,Tue,5.67,51447,22%,333-11-5501,479-244-6001,Beedeville,Jackson,Beedeville,AR,72014,South,lgriter,eeoBzwhpn3ENH
438664,Hon.,Janene,X,Walton,F,janene.walton@gmail.com,Sydney Walton,Tamisha Walton,Burkholder,2/12/1966,02:20:43 PM,51.49,42,12/25/1994,Q4,H2,1994,12,December,Dec,25,Sunday,Sun,22.61,62382,26%,166-86-2686,215-457-1154,Lake Como,Wayne,Lake Como,PA,18437,Northeast,jxwalton,t0+2|Cb[i$Z^-[|
937462,Mrs.,Amparo,Z,Weed,F,amparo.weed@walmart.com,Edward Weed,Lindsy Weed,Collman,1/25/1962,07:14:33 AM,55.54,60,11/28/1984,Q4,H2,1984,11,November,Nov,28,Wednesday,Wed,32.68,43474,28%,080-02-5452,212-439-4362,Harris,Sullivan,Harris,NY,12742,Northeast,azweed,Rv7B|e5O0nXCM1U
598348,Mr.,Kelvin,M,Edick,M,kelvin.edick@sbcglobal.net,Isaias Edick,Beulah Edick,Nez,4/29/1973,08:13:21 PM,44.28,89,8/30/2012,Q3,H2,2012,8,August,Aug,30,Thursday,Thu,4.91,48508,9%,720-18-8325,212-880-6481,New York City,New York,New York City,NY,10107,Northeast,kmedick,aJ.EVE3~zCAA|
977180,Mr.,Hung,U,Ruley,M,hung.ruley@hotmail.com,Asa Ruley,Ulrike Ruley,Valentino,10/15/1977,11:39:43 PM,39.81,72,11/7/2000,Q4,H2,2000,11,November,Nov,7,Tuesday,Tue,16.73,58475,19%,549-99-0925,228-367-9274,Smithville,Monroe,Smithville,MS,38870,South,huruley,gtWmUnDD2ijNy
367324,Mr.,Dante,Y,Kreider,M,dante.kreider@gmail.com,Bruno Kreider,Vesta Kreider,Devera,3/16/1984,08:56:52 PM,33.39,58,10/3/2015,Q4,H2,2015,10,October,Oct,3,Saturday,Sat,1.82,183370,20%,081-02-9980,212-844-8069,Dover Plains,Dutchess,Dover Plains,NY,12522,Northeast,dykreider,TL|7+%XNsGS
339198,Ms.,Vanna,C,Moulder,F,vanna.moulder@yahoo.com,Ariel Moulder,Shelby Moulder,Cusack,7/21/1991,05:16:33 PM,26.04,54,11/22/2015,Q4,H2,2015,11,November,Nov,22,Sunday,Sun,1.68,94303,3%,630-31-7489,215-891-6914,Sheffield,Warren,Sheffield,PA,16347,Northeast,vcmoulder,o.sIwr7O+@I
607767,Hon.,Roni,R,Packer,F,roni.packer@shaw.ca,Alonzo Packer,Kati Packer,Sievers,2/9/1974,05:23:23 AM,43.49,55,12/12/2009,Q4,H2,2009,12,December,Dec,12,Saturday,Sat,7.63,134657,4%,031-92-4049,505-733-6235,Coyote,Rio Arriba,Coyote,NM,87012,West,rrpacker,sgPBkOhLx
305045,Mr.,Gaston,Y,Ruggles,M,gaston.ruggles@yahoo.co.in,Tommie Ruggles,Kenyatta Ruggles,Cassell,3/26/1981,12:56:33 AM,36.36,90,10/26/2005,Q4,H2,2005,10,October,Oct,26,Wednesday,Wed,11.76,84132,5%,204-84-8970,479-475-2991,Datto,Clay,Datto,AR,72424,South,gyruggles,aq1d01}A+ZM|i>
982037,Mr.,Sterling,R,Boysen,M,sterling.boysen@aol.com,Micheal Boysen,Mae Boysen,Rita,9/1/1982,02:22:18 AM,34.93,50,4/1/2010,Q2,H1,2010,4,April,Apr,1,Thursday,Thu,7.33,94096,3%,188-86-1195,236-755-3328,Goldvein,Fauquier,Goldvein,VA,22720,South,srboysen,l{*CYdl-pSxo1$
255694,Mrs.,Latasha,M,Figueiredo,F,latasha.figueiredo@gmail.com,Daniel Figueiredo,Berenice Figueiredo,Lyall,8/21/1957,12:22:01 AM,59.98,58,9/16/2009,Q3,H2,2009,9,September,Sep,16,Wednesday,Wed,7.87,119038,22%,175-86-7600,907-934-7741,Palmer,Matanuska-Susitna,Palmer,AK,99645,West,lmfigueiredo,d2-E08>O_
243043,Mrs.,Prudence,X,Higham,F,prudence.higham@microsoft.com,Dong Higham,Helene Higham,Sam,1/18/1995,08:15:57 AM,22.54,51,3/8/2017,Q1,H1,2017,3,March,Mar,8,Wednesday,Wed,0.39,189710,13%,054-02-7755,231-396-8727,Ralph,Dickinson,Ralph,MI,49877,Midwest,pxhigham,iZO:#uZZ
800475,Mrs.,Alisia,M,Corker,F,alisia.corker@apple.com,Francesco Corker,Jerry Corker,Ogara,1/10/1987,03:48:26 PM,30.57,41,8/31/2008,Q3,H2,2008,8,August,Aug,31,Sunday,Sun,8.91,51199,25%,502-37-6675,218-286-0939,West Union,Todd,West Union,MN,56389,Midwest,amcorker,ty.xYoU{j@
625303,Drs.,Cristi,Q,Chastain,F,cristi.chastain@shell.com,Irvin Chastain,Temple Chastain,Keefer,11/5/1988,05:45:36 PM,28.75,49,10/30/2013,Q4,H2,2013,10,October,Oct,30,Wednesday,Wed,3.75,156212,17%,730-28-9651,205-767-3844,Anniston,Calhoun,Anniston,AL,36202,South,cqchastain,cpm>/BKj}7
826112,Mrs.,Philomena,F,Littlejohn,F,philomena.littlejohn@gmail.com,Bill Littlejohn,Annetta Littlejohn,Landa,7/13/1989,03:45:57 PM,28.06,44,7/23/2010,Q3,H2,2010,7,July,Jul,23,Friday,Fri,7.02,82728,11%,234-57-5713,218-901-6882,Jenkins,Crow Wing,Jenkins,MN,56456,Midwest,pflittlejohn,FNX>.-z!
253363,Dr.,Grover,F,Canup,M,grover.canup@gmail.com,Darwin Canup,Treena Canup,Bernstein,9/19/1990,02:10:23 AM,26.87,87,12/16/2011,Q4,H2,2011,12,December,Dec,16,Friday,Fri,5.62,48520,25%,126-98-8786,503-358-7120,Monmouth,Polk,Monmouth,OR,97361,West,gfcanup,3vDw;tkgr}
271467,Ms.,Laurene,K,Vaillancourt,F,laurene.vaillancourt@msn.com,Jordan Vaillancourt,Brianne Vaillancourt,Babbitt,1/28/1976,02:00:26 PM,41.53,43,12/30/2008,Q4,H2,2008,12,December,Dec,30,Tuesday,Tue,8.58,145119,27%,075-02-8106,503-349-9406,Clackamas,Clackamas,Clackamas,OR,97015,West,lkvaillancourt,5*pWzKv07+_C
373133,Mr.,Eduardo,M,Lamberton,M,eduardo.lamberton@gmail.com,Adolph Lamberton,Selina Lamberton,Rios,11/7/1986,06:09:24 PM,30.74,78,9/9/2014,Q3,H2,2014,9,September,Sep,9,Tuesday,Tue,2.88,103399,0%,718-18-1958,314-383-9030,Blackwater,Cooper,Blackwater,MO,65322,Midwest,emlamberton,i6e7H5pwe!b/
211310,Drs.,Shelby,U,Gabaldon,F,shelby.gabaldon@yahoo.com,Darryl Gabaldon,Hue Gabaldon,Pullin,3/9/1983,08:03:08 PM,34.41,54,11/10/2014,Q4,H2,2014,11,November,Nov,10,Monday,Mon,2.72,74330,16%,133-98-1285,212-451-6875,Woodside,Queens,Woodside,NY,11377,Northeast,sugabaldon,R@8Li]-9>C/0
211698,Mrs.,Nelle,J,Kemble,F,nelle.kemble@outlook.com,Deon Kemble,Ressie Kemble,Agee,2/20/1960,12:50:00 AM,57.47,53,9/22/1985,Q3,H2,1985,9,September,Sep,22,Sunday,Sun,31.87,134224,6%,233-57-2262,219-234-7078,Madison,Jefferson,Madison,IN,47250,Midwest,njkemble,P;G<~sPe6Q
943554,Mrs.,Leona,L,Berrian,F,leona.berrian@yahoo.com,Hipolito Berrian,Carlena Berrian,Ormond,8/15/1978,12:31:40 PM,38.98,58,8/14/2016,Q3,H2,2016,8,August,Aug,14,Sunday,Sun,0.95,66485,20%,259-99-9363,240-932-7184,Patuxent River,St. Mary's,Patuxent River,MD,20670,South,llberrian,9aDg~[Kq7tz/WI2
493376,Mrs.,Magen,D,Newbold,F,magen.newbold@sbcglobal.net,Harold Newbold,Velvet Newbold,Rufus,1/7/1976,09:55:42 AM,41.58,42,1/28/2009,Q1,H1,2009,1,January,Jan,28,Wednesday,Wed,8.5,163872,6%,162-86-3001,231-328-0802,Hudsonville,Ottawa,Hudsonville,MI,49426,Midwest,mdnewbold,UP7*1n{lc8x&~
774410,Mr.,Raphael,B,Gibbens,M,raphael.gibbens@aol.com,Gregory Gibbens,Bernadine Gibbens,Paden,8/2/1971,09:58:12 PM,46.02,73,12/5/1995,Q4,H2,1995,12,December,Dec,5,Tuesday,Tue,21.66,139204,14%,028-92-8305,209-767-2761,Irvine,Orange,Irvine,CA,92623,West,rbgibbens,UK+vNt-Hg
417582,Mr.,Carlton,E,Weisner,M,carlton.weisner@gmail.com,Bernardo Weisner,Mercy Weisner,Gove,4/17/1966,03:08:38 AM,51.32,78,11/20/2006,Q4,H2,2006,11,November,Nov,20,Monday,Mon,10.69,40736,27%,233-57-4088,319-562-6767,Anamosa,Jones,Anamosa,IA,52205,Midwest,ceweisner,YM*eU1SB1eJt
195911,Ms.,Shane,I,Goodwyn,F,shane.goodwyn@gmail.com,Lance Goodwyn,Laverna Goodwyn,Derouen,10/18/1976,04:32:52 PM,40.8,40,7/21/1998,Q3,H2,1998,7,July,Jul,21,Tuesday,Tue,19.03,83550,6%,585-99-3575,210-632-5561,Hunt,Kerr,Hunt,TX,78024,South,sigoodwyn,LR{u>6wzv]
681833,Drs.,Isobel,Y,Finley,F,isobel.finley@yahoo.com,Freddie Finley,Paulene Finley,Bellino,5/23/1990,09:05:22 PM,27.2,48,8/29/2011,Q3,H2,2011,8,August,Aug,29,Monday,Mon,5.92,142872,28%,098-02-0952,219-856-3573,Bluffton,Wells,Bluffton,IN,46714,Midwest,iyfinley,i_T@.lBD&Pfb
372452,Mr.,Monroe,M,Goodyear,M,monroe.goodyear@yahoo.com,Bradley Goodyear,Shemeka Goodyear,Saltzman,4/25/1988,07:10:47 AM,29.28,61,1/1/2017,Q1,H1,2017,1,January,Jan,1,Sunday,Sun,0.57,151617,18%,135-25-0295,210-257-2076,Plano,Collin,Plano,TX,75026,South,mmgoodyear,d|Wghdt!U
466554,Mrs.,Verda,R,Burd,F,verda.burd@gmail.com,Lester Burd,Agustina Burd,Lile,9/14/1960,01:15:14 PM,56.91,48,9/30/2011,Q3,H2,2011,9,September,Sep,30,Friday,Fri,5.83,195255,3%,626-85-5946,480-208-6849,Tucson,Pima,Tucson,AZ,85719,West,vrburd,RhyCvOwwixeMel
186364,Mr.,Angel,X,Bellard,M,angel.bellard@verizon.net,Emmanuel Bellard,Emmy Bellard,Arrellano,1/31/1963,11:20:16 PM,54.53,80,6/16/2015,Q2,H1,2015,6,June,Jun,16,Tuesday,Tue,2.12,44722,1%,280-15-5902,217-670-8325,Russell,Lake,Russell,IL,60075,Midwest,axbellard,IJoFek5xIl<ZP
520588,Ms.,Carolyn,H,Hawker,F,carolyn.hawker@gmail.com,Albert Hawker,Etta Hawker,Lonon,4/25/1962,09:04:56 PM,55.3,49,4/11/2010,Q2,H1,2010,4,April,Apr,11,Sunday,Sun,7.3,145176,9%,303-37-2258,216-643-4257,Murray City,Hocking,Murray City,OH,43144,Midwest,chhawker,XQCftilc
759181,Ms.,Yuki,L,Curnutt,F,yuki.curnutt@gmail.com,Stevie Curnutt,Tess Curnutt,Littlejohn,2/20/1970,04:30:03 PM,47.47,52,10/21/2005,Q4,H2,2005,10,October,Oct,21,Friday,Fri,11.78,47243,25%,002-11-5304,262-853-4862,Star Lake,Vilas,Star Lake,WI,54561,Midwest,ylcurnutt,XB~}8ky4KrT9
708496,Dr.,Nathanial,X,Shire,M,nathanial.shire@gmail.com,Hung Shire,Abigail Shire,Zeringue,11/6/1958,03:58:45 PM,58.76,64,1/28/1980,Q1,H1,1980,1,January,Jan,28,Monday,Mon,37.52,40756,13%,292-15-0306,219-961-0489,Evansville,Vanderburgh,Evansville,IN,47725,Midwest,nxshire,O3l&r<M1
809714,Mr.,Adolph,A,Zambrana,M,adolph.zambrana@aol.com,Carol Zambrana,Nicolle Zambrana,Well,10/21/1959,12:44:43 AM,57.81,63,4/25/1996,Q2,H1,1996,4,April,Apr,25,Thursday,Thu,21.27,191066,9%,517-49-8537,314-990-1767,Keytesville,Chariton,Keytesville,MO,65261,Midwest,aazambrana,a?{N]BB}]8HO
158568,Drs.,Deloras,J,Salo,F,deloras.salo@gmail.com,Eusebio Salo,Cori Salo,Peirce,10/11/1975,09:48:41 AM,41.82,49,5/24/2014,Q2,H1,2014,5,May,May,24,Saturday,Sat,3.18,57590,28%,069-02-6652,231-290-2268,Gobles,Van Buren,Gobles,MI,49055,Midwest,djsalo,7[N*4a4Ob?*]$
210040,Drs.,Katie,B,Strauss,F,katie.strauss@microsoft.com,Ronnie Strauss,Gaylene Strauss,Morvant,5/9/1971,08:24:25 AM,46.25,48,8/7/2000,Q3,H2,2000,8,August,Aug,7,Monday,Mon,16.98,95664,6%,764-29-0919,216-316-3656,Christiansburg,Champaign,Christiansburg,OH,45389,Midwest,kbstrauss,XH4pGF;W
372628,Prof.,Dong,W,Simons,M,dong.simons@yahoo.com,Stan Simons,Sherrell Simons,Rettig,9/3/1981,03:23:26 AM,35.92,60,4/9/2003,Q2,H1,2003,4,April,Apr,9,Wednesday,Wed,14.31,98504,29%,245-99-5410,701-435-3350,Manning,Dunn,Manning,ND,58642,Midwest,dwsimons,3b\:deXjt>YF
878298,Mr.,Marlon,A,Puentes,M,marlon.puentes@shaw.ca,Mike Puentes,Ruth Puentes,Glenn,8/29/1960,12:32:59 AM,56.95,67,11/19/1998,Q4,H2,1998,11,November,Nov,19,Thursday,Thu,18.7,88802,30%,661-22-5705,252-765-4674,Asheville,Buncombe,Asheville,NC,28816,South,mapuentes,r/Ba*KBg4&Y3gB
325428,Mr.,Bart,B,Bojorquez,M,bart.bojorquez@gmail.com,Von Bojorquez,Gia Bojorquez,Tamura,1/29/1974,11:47:57 AM,43.52,82,1/30/1997,Q1,H1,1997,1,January,Jan,30,Thursday,Thu,20.5,191454,14%,446-27-2147,203-326-9520,Hartford,Hartford,Hartford,CT,6140,Northeast,bbbojorquez,xi$l-{fW[?]3F
591621,Mrs.,Sherice,D,Jeans,F,sherice.jeans@hotmail.com,Teodoro Jeans,Angelina Jeans,Lefever,5/24/1988,01:32:31 PM,29.2,60,7/24/2009,Q3,H2,2009,7,July,Jul,24,Friday,Fri,8.02,92864,0%,537-71-9250,209-927-3499,Harbor City,Los Angeles,Harbor City,CA,90710,West,sdjeans,3%48&0+1a
591621,Mrs.,Sherice,D,Jeans,F,sherice.jeans@hotmail.com,Teodoro Jeans,Angelina Jeans,Lefever,5/24/1988,01:32:31 PM,29.2,60,7/24/2009,Q3,H2,2009,7,July,Jul,24,Friday,Fri,8.02,92864,0%,537-71-9250,209-927-3499,Harbor City,Los Angeles,Harbor City,CA,90710,West,sdjeans,3%48&0+1a
591621,Mrs.,Sherice,D,Jeans,F,sherice.jeans@hotmail.com,Teodoro Jeans,Angelina Jeans,Lefever,5/24/1988,01:32:31 PM,29.2,60,7/24/2009,Q3,H2,2009,7,July,Jul,24,Friday,Fri,8.02,92864,0%,537-71-9250,209-927-3499,Harbor City,Los Angeles,Harbor City,CA,90710,West,sdjeans,3%48&0+1a
829485,Dr.,Rob,T,Swoope,M,rob.swoope@gmail.com,Titus Swoope,Rebbeca Swoope,Perrone,1/29/1972,12:17:12 AM,45.53,62,11/9/2009,Q4,H2,2009,11,November,Nov,9,Monday,Mon,7.72,132652,17%,080-02-0094,215-889-9781,Moshannon,Centre,Moshannon,PA,16859,Northeast,rtswoope,lE/^}Clt
829485,Dr.,Rob,T,Swoope,M,rob.swoope@gmail.com,Titus Swoope,Rebbeca Swoope,Perrone,1/29/1972,12:17:12 AM,45.53,62,11/9/2009,Q4,H2,2009,11,November,Nov,9,Monday,Mon,7.72,132652,17%,080-02-0094,215-889-9781,Moshannon,Centre,Moshannon,PA,16859,Northeast,rtswoope,lE/^}Clt
829485,Dr.,Rob,T,Swoope,M,rob.swoope@gmail.com,Titus Swoope,Rebbeca Swoope,Perrone,1/29/1972,12:17:12 AM,45.53,62,11/9/2009,Q4,H2,2009,11,November,Nov,9,Monday,Mon,7.72,132652,17%,080-02-0094,215-889-9781,Moshannon,Centre,Moshannon,PA,16859,Northeast,rtswoope,lE/^}Clt